Media Outlet,Publication URL,Region,Estimated Traffic,Estimated Views,Estimated Clicks,Publication Date
Washington Post,https://washingtonpost.com/news/94426,Middle East,425354,78082,5795,2025-09-23
ET Telecom,https://ettelecom.com/news/17228,Global,79063,16574,1122,2025-08-11
ABC News,https://abcnews.com/news/60472,Middle East,269110,59020,754,2025-08-24
Washington Post,https://washingtonpost.com/news/77198,Asia,345038,32172,1702,2025-07-22
Newsweek,https://newsweek.com/news/29732,Australia,88955,21343,1199,2025-07-26
MarketWatch,https://marketwatch.com/news/85406,Middle East,51028,3715,188,2025-08-27
MSN News,https://msnnews.com/news/13196,Europe,233278,15706,635,2025-09-13
The Guardian,https://theguardian.com/news/62651,Europe,130814,17757,1084,2025-07-23
USA Today,https://usatoday.com/news/66121,Europe,491979,93350,722,2025-08-13
USA Today,https://usatoday.com/news/81778,Australia,167132,35558,1443,2025-10-08
CNET,https://cnet.com/news/23311,US,81337,17806,862,2025-07-21
VentureBeat,https://venturebeat.com/news/25846,Asia,484061,72133,2860,2025-09-19
ABC News,https://abcnews.com/news/58796,US,456793,42819,685,2025-09-29
PCMag,https://pcmag.com/news/39659,Australia,303671,18736,850,2025-07-22
CNN,https://cnn.com/news/24312,US,158709,13021,408,2025-08-01
Fortune,https://fortune.com/news/65754,Australia,309975,37751,3134,2025-07-18
BBC News,https://bbcnews.com/news/95442,Canada,362133,85786,2315,2025-07-20
PR Newswire,https://prnewswire.com/news/49965,Europe,420468,76054,3842,2025-08-14
NBC News,https://nbcnews.com/news/64882,Europe,289480,46105,1009,2025-08-19
Digital Journal,https://digitaljournal.com/news/46583,Middle East,185105,19819,671,2025-08-12
Morningstar,https://morningstar.com/news/14035,Asia,277763,46587,739,2025-09-06
Business Insider,https://businessinsider.com/news/80835,Europe,349134,74570,3099,2025-08-13
TomsHardware,https://tomshardware.com/news/25709,Europe,123312,16292,575,2025-07-11
CBS News,https://cbsnews.com/news/26821,US,323465,21436,1297,2025-08-16
Nasdaq,https://nasdaq.com/news/43374,US,307589,42275,1042,2025-09-26
Hindustan Times,https://hindustantimes.com/news/48926,Middle East,18912,3934,176,2025-09-08
The Independent,https://theindependent.com/news/41515,Middle East,103271,7780,448,2025-09-29
The Verge,https://theverge.com/news/78446,Europe,195723,27665,1804,2025-08-24
Morningstar,https://morningstar.com/news/90095,Europe,84863,6881,138,2025-08-22
Associated Press,https://associatedpress.com/news/15676,Global,138885,18883,578,2025-09-13
Digital Trends,https://digitaltrends.com/news/74473,Europe,311414,27765,1849,2025-10-06
Business Standard,https://businessstandard.com/news/25814,Australia,123293,30461,647,2025-09-07
Morningstar,https://morningstar.com/news/95731,Asia,47577,9945,276,2025-09-09
NBC News,https://nbcnews.com/news/26007,Middle East,183469,19611,792,2025-09-06
PR Newswire,https://prnewswire.com/news/12797,Europe,232547,24313,302,2025-08-06
Digital Trends,https://digitaltrends.com/news/44525,Asia,177082,8962,152,2025-07-25
Entrepreneur,https://entrepreneur.com/news/39263,US,189603,22891,1678,2025-08-23
The Guardian,https://theguardian.com/news/46940,Asia,459328,39376,1982,2025-09-08
Mashable,https://mashable.com/news/45720,Global,111363,20647,1395,2025-07-15
Inc.,https://inc..com/news/84133,Middle East,250448,58721,3167,2025-07-12
iMore,https://imore.com/news/86265,Canada,205679,20931,1338,2025-08-11
Digital Journal,https://digitaljournal.com/news/68472,Middle East,100190,8770,217,2025-07-29
PCMag,https://pcmag.com/news/62978,Asia,226676,39110,1510,2025-07-28
Mashable,https://mashable.com/news/21719,Europe,438313,88220,3443,2025-10-02
CNN,https://cnn.com/news/43059,Middle East,459193,83766,2939,2025-07-13
CNN,https://cnn.com/news/45031,Global,369823,83103,3119,2025-07-17
MarketWatch,https://marketwatch.com/news/83483,Europe,109160,6117,192,2025-08-30
Reuters,https://reuters.com/news/68663,US,44966,10026,287,2025-08-31
Washington Post,https://washingtonpost.com/news/85868,Australia,377946,71902,4408,2025-08-07
TechCrunch,https://techcrunch.com/news/81519,Asia,14531,2532,203,2025-08-26
PR Newswire,https://prnewswire.com/news/31598,Middle East,339313,23511,946,2025-08-02
The Guardian,https://theguardian.com/news/62833,Europe,360347,21968,644,2025-07-24
The Verge,https://theverge.com/news/64094,Global,485201,36077,941,2025-08-17
Finanzen.net,https://finanzen.net.com/news/15775,Europe,56189,6138,246,2025-09-26
Business Insider,https://businessinsider.com/news/85281,Canada,50680,11051,533,2025-07-28
Digital Trends,https://digitaltrends.com/news/90254,US,254244,17157,642,2025-07-10
Nasdaq,https://nasdaq.com/news/87721,US,198705,15707,1078,2025-07-24
Business Insider,https://businessinsider.com/news/34013,Canada,264039,30618,222,2025-09-04
New York Times,https://newyorktimes.com/news/72570,Canada,384940,86833,6033,2025-08-28
Washington Post,https://washingtonpost.com/news/34931,Australia,123106,12377,223,2025-08-14
Yahoo Finance,https://yahoofinance.com/news/27571,Canada,493512,45775,2309,2025-09-20
ET Telecom,https://ettelecom.com/news/25726,Europe,250246,33228,1063,2025-09-14
Inc.,https://inc..com/news/23941,Australia,122068,6955,101,2025-09-20
Finanzen.net,https://finanzen.net.com/news/46205,Europe,80211,6956,554,2025-08-05
Fox Business,https://foxbusiness.com/news/16553,Australia,334474,18207,342,2025-08-09
Digital Journal,https://digitaljournal.com/news/89717,Europe,20850,1371,24,2025-08-05
New York Times,https://newyorktimes.com/news/59579,Global,17206,1386,14,2025-07-18
The Verge,https://theverge.com/news/91346,Asia,427703,40632,478,2025-10-08
TomsHardware,https://tomshardware.com/news/52662,US,98354,23751,882,2025-07-30
Forbes,https://forbes.com/news/61860,US,444028,100117,1199,2025-09-17
The Verge,https://theverge.com/news/99087,Global,157993,19872,657,2025-07-13
Morningstar,https://morningstar.com/news/64832,Global,262568,20979,1257,2025-08-11
The Verge,https://theverge.com/news/13328,Australia,299730,38814,2078,2025-09-27
Benzinga,https://benzinga.com/news/72365,Europe,409872,24837,613,2025-07-14
Bloomberg,https://bloomberg.com/news/88144,US,323553,74462,4843,2025-10-06
New York Times,https://newyorktimes.com/news/46684,Canada,292563,66706,2564,2025-07-25
PR Newswire,https://prnewswire.com/news/29430,Europe,441948,30441,2004,2025-07-10
Associated Press,https://associatedpress.com/news/94701,Middle East,295936,20744,200,2025-09-19
MSN News,https://msnnews.com/news/34563,US,186963,21861,725,2025-08-30
Entrepreneur,https://entrepreneur.com/news/35772,Global,38485,7722,241,2025-07-20
Fast Company,https://fastcompany.com/news/17799,Australia,469288,72031,4845,2025-10-06
Business Insider,https://businessinsider.com/news/84218,Australia,390359,84914,3427,2025-09-13
Engadget,https://engadget.com/news/59890,Europe,195441,15334,755,2025-09-25
MSN News,https://msnnews.com/news/33895,Europe,24296,5937,94,2025-09-12
CNN,https://cnn.com/news/69194,Europe,141954,12383,149,2025-09-28
MSN News,https://msnnews.com/news/71816,Middle East,412535,35564,1294,2025-09-29
Seeking Alpha,https://seekingalpha.com/news/41502,Global,104858,17460,295,2025-09-17
Gizmodo,https://gizmodo.com/news/46024,Australia,238418,49042,1653,2025-09-24
Bloomberg Asia,https://bloombergasia.com/news/72168,Middle East,33378,7283,75,2025-10-04
Business Standard,https://businessstandard.com/news/38658,US,73271,4267,295,2025-09-17
The Guardian,https://theguardian.com/news/51755,Europe,277453,56551,1909,2025-08-10
Hindustan Times,https://hindustantimes.com/news/61520,Global,75400,13969,600,2025-10-08
Fox Business,https://foxbusiness.com/news/76836,Asia,333196,83117,1293,2025-07-25
Seeking Alpha,https://seekingalpha.com/news/24967,Asia,20222,2613,71,2025-07-16
iMore,https://imore.com/news/20203,Asia,146705,33746,2148,2025-08-21
Digital Journal,https://digitaljournal.com/news/16306,Australia,26558,4102,252,2025-07-16
ABC News,https://abcnews.com/news/74598,Asia,318686,18386,1079,2025-08-11
USA Today,https://usatoday.com/news/43959,Middle East,320514,68564,4524,2025-08-01
Engadget,https://engadget.com/news/39864,US,301438,51312,3106,2025-08-15
PR Newswire,https://prnewswire.com/news/29626,Middle East,87709,21444,912,2025-08-27
Business Standard,https://businessstandard.com/news/72861,Canada,244038,31148,2125,2025-09-03
Reuters,https://reuters.com/news/20192,Europe,344275,75337,2423,2025-10-08
Morningstar,https://morningstar.com/news/25381,Global,436542,100803,4106,2025-08-10
MarketWatch,https://marketwatch.com/news/18513,Australia,203339,27241,1127,2025-08-28
NBC News,https://nbcnews.com/news/15568,Canada,293297,20433,902,2025-07-21
TechCrunch,https://techcrunch.com/news/94356,US,125781,9130,675,2025-07-31
ET Telecom,https://ettelecom.com/news/21304,Global,344916,25087,752,2025-07-13
Washington Post,https://washingtonpost.com/news/78483,US,230229,26414,946,2025-10-01
Yahoo Finance,https://yahoofinance.com/news/18940,Asia,227806,15170,582,2025-08-26
Fast Company,https://fastcompany.com/news/83436,Asia,147515,17009,599,2025-08-13
ET Telecom,https://ettelecom.com/news/66878,US,43242,6188,366,2025-08-24
Entrepreneur,https://entrepreneur.com/news/16039,Canada,93737,15459,488,2025-08-24
Business Insider,https://businessinsider.com/news/93256,Australia,347510,30258,1819,2025-07-11
TechRadar,https://techradar.com/news/23374,Australia,315130,44304,2666,2025-07-26
Fast Company,https://fastcompany.com/news/94536,Europe,459956,31295,1859,2025-08-18
Hindustan Times,https://hindustantimes.com/news/63315,Asia,170669,11303,511,2025-09-27
Inc.,https://inc..com/news/61821,US,198149,34752,1566,2025-09-26
TechCrunch,https://techcrunch.com/news/32133,Asia,70349,14467,658,2025-09-16
Android Authority,https://androidauthority.com/news/97174,Canada,55097,11439,808,2025-08-17
USA Today,https://usatoday.com/news/55790,Canada,453865,106274,4912,2025-10-01
CNN,https://cnn.com/news/12120,Europe,332033,33683,854,2025-10-06
MSN News,https://msnnews.com/news/15686,Australia,258739,48427,446,2025-09-30
PCMag,https://pcmag.com/news/83911,US,151440,17443,573,2025-09-13
BBC News,https://bbcnews.com/news/54054,Global,223711,42861,1047,2025-07-19
CNN,https://cnn.com/news/54022,Australia,282743,54372,2674,2025-09-17
Bloomberg Asia,https://bloombergasia.com/news/60781,Middle East,355043,66839,2970,2025-08-10
CNN,https://cnn.com/news/34693,Global,98140,18630,740,2025-08-04
PCMag,https://pcmag.com/news/65740,Middle East,497939,121815,5295,2025-08-28
CNBC Europe,https://cnbceurope.com/news/94106,Middle East,309815,51613,1821,2025-07-28
The Independent,https://theindependent.com/news/59078,Asia,117300,22308,1559,2025-08-13
The Globe and Mail,https://theglobeandmail.com/news/22869,US,241314,49004,1216,2025-10-02
Benzinga,https://benzinga.com/news/54491,US,156337,37112,700,2025-08-27
Entrepreneur,https://entrepreneur.com/news/13610,US,279662,25868,1395,2025-08-28
Digital Trends,https://digitaltrends.com/news/46867,Australia,220251,33607,2220,2025-09-14
iMore,https://imore.com/news/36531,Australia,492768,104322,6976,2025-09-05
iMore,https://imore.com/news/46094,Canada,456977,53916,646,2025-09-07
Associated Press,https://associatedpress.com/news/69307,US,486535,120127,4204,2025-09-05
iMore,https://imore.com/news/62885,Australia,269187,55275,1761,2025-08-13
The Independent,https://theindependent.com/news/36720,Canada,74860,7415,310,2025-08-01
Hindustan Times,https://hindustantimes.com/news/83604,Australia,218881,45728,1090,2025-10-01
PR Newswire,https://prnewswire.com/news/14868,Asia,118229,19838,465,2025-09-04
Newsweek,https://newsweek.com/news/26759,Middle East,235910,33666,674,2025-07-14
USA Today,https://usatoday.com/news/91306,Europe,233999,43938,2177,2025-08-09
BBC News,https://bbcnews.com/news/76650,Australia,471540,42428,1920,2025-09-18
Seeking Alpha,https://seekingalpha.com/news/53142,Asia,195998,40459,1074,2025-08-02
PCMag,https://pcmag.com/news/65362,Australia,119120,28268,1144,2025-07-17
Forbes,https://forbes.com/news/16984,Australia,11055,1538,66,2025-10-03
Yahoo Finance,https://yahoofinance.com/news/65412,Global,221195,49330,909,2025-09-13
Business Standard,https://businessstandard.com/news/31364,Middle East,178575,21605,302,2025-09-17
Nasdaq,https://nasdaq.com/news/17256,Middle East,474327,70266,4113,2025-09-14
Engadget,https://engadget.com/news/62581,Middle East,436254,104139,3370,2025-10-02
ZDNet,https://zdnet.com/news/40839,Global,151481,21446,368,2025-08-28
CBS News,https://cbsnews.com/news/59804,Global,172123,24223,939,2025-09-09
Times Now,https://timesnow.com/news/85939,Canada,188666,43780,537,2025-07-20
MarketWatch,https://marketwatch.com/news/19391,US,467640,71968,1389,2025-09-02
iMore,https://imore.com/news/65937,Canada,46210,5094,305,2025-09-11
Nasdaq,https://nasdaq.com/news/72980,Canada,414229,84941,6142,2025-09-03
Fox Business,https://foxbusiness.com/news/11746,Australia,388885,82301,2750,2025-10-07
CNET,https://cnet.com/news/53603,Europe,152256,26467,1396,2025-08-22
VentureBeat,https://venturebeat.com/news/84827,Europe,176244,10458,577,2025-08-11
The Guardian,https://theguardian.com/news/39648,Middle East,13067,672,36,2025-07-29
CBS News,https://cbsnews.com/news/19115,Canada,299336,40658,750,2025-09-04
CBS News,https://cbsnews.com/news/55830,Global,487568,71111,5624,2025-10-08
TomsHardware,https://tomshardware.com/news/49237,US,147299,32967,1998,2025-09-15
Morningstar,https://morningstar.com/news/11783,Canada,106419,26498,830,2025-07-19
TechCrunch,https://techcrunch.com/news/99777,Canada,202019,41798,3241,2025-09-16
iMore,https://imore.com/news/19278,Australia,187769,20597,1608,2025-09-05
Business Insider,https://businessinsider.com/news/90821,US,320920,21791,953,2025-08-19
Reuters,https://reuters.com/news/65748,Australia,457342,93594,7041,2025-08-20
Business Insider,https://businessinsider.com/news/13519,Australia,130446,14972,608,2025-08-12
Android Authority,https://androidauthority.com/news/50605,Canada,423573,77915,4640,2025-07-19
CNET,https://cnet.com/news/86986,Canada,306033,38133,389,2025-09-15
The Independent,https://theindependent.com/news/30337,US,408668,47565,1998,2025-08-16
Fortune,https://fortune.com/news/35361,Asia,413681,84916,4675,2025-09-08
Washington Post,https://washingtonpost.com/news/32136,Middle East,432792,26095,1619,2025-08-01
MSN News,https://msnnews.com/news/57943,US,261424,31430,1449,2025-09-18
ET Telecom,https://ettelecom.com/news/24472,Middle East,312443,54394,1960,2025-08-31
PCMag,https://pcmag.com/news/69996,US,133451,12920,741,2025-08-11
TechCrunch,https://techcrunch.com/news/36466,Europe,198239,28435,1510,2025-08-07
USA Today,https://usatoday.com/news/74613,Asia,134003,8079,451,2025-08-08
CNBC Europe,https://cnbceurope.com/news/20366,Canada,6956,1278,23,2025-07-14
Associated Press,https://associatedpress.com/news/31277,Canada,133520,7154,136,2025-08-07
Fortune,https://fortune.com/news/12280,Europe,76391,9967,301,2025-09-12
Fast Company,https://fastcompany.com/news/51802,Middle East,181138,10070,391,2025-09-17
MSN News,https://msnnews.com/news/69448,Global,299688,38969,456,2025-07-25
MarketWatch,https://marketwatch.com/news/96989,Canada,277829,22391,1399,2025-08-03
CBS News,https://cbsnews.com/news/82290,Global,444012,29752,2347,2025-09-23
CNN,https://cnn.com/news/98556,Australia,265787,31364,826,2025-08-21
Business Standard,https://businessstandard.com/news/92073,Asia,450491,105384,5819,2025-08-02
Gizmodo,https://gizmodo.com/news/66232,Asia,192768,32262,441,2025-07-28
Seeking Alpha,https://seekingalpha.com/news/24776,Middle East,327584,51613,1986,2025-08-17
Reuters,https://reuters.com/news/74146,Asia,342190,77283,3815,2025-10-04
The Independent,https://theindependent.com/news/93095,Canada,185894,35855,1641,2025-08-21
Reuters,https://reuters.com/news/91914,Australia,69409,5025,315,2025-08-27
Android Authority,https://androidauthority.com/news/46334,US,164555,34868,566,2025-09-17
Yahoo Finance,https://yahoofinance.com/news/19102,US,231465,54003,4389,2025-08-28
Nasdaq,https://nasdaq.com/news/92315,US,12621,2682,131,2025-07-21
Gizmodo,https://gizmodo.com/news/28271,Australia,90954,19521,975,2025-08-31
USA Today,https://usatoday.com/news/91583,US,360632,50505,3164,2025-07-31
MarketWatch,https://marketwatch.com/news/33797,Asia,204023,37663,1567,2025-10-07
The Independent,https://theindependent.com/news/47951,Australia,97553,18308,424,2025-09-07
Fox Business,https://foxbusiness.com/news/28510,Europe,302958,37627,878,2025-07-30
USA Today,https://usatoday.com/news/64255,Asia,219974,39649,1216,2025-08-24
TechCrunch,https://techcrunch.com/news/46273,Middle East,364244,86260,4097,2025-09-05
Times Now,https://timesnow.com/news/31499,Global,279415,59172,1034,2025-08-15
MarketWatch,https://marketwatch.com/news/99949,US,274226,51594,1326,2025-08-26
Fortune,https://fortune.com/news/68752,Europe,390273,22786,881,2025-10-05
TechCrunch,https://techcrunch.com/news/94991,Asia,389689,34065,1955,2025-08-07
NBC News,https://nbcnews.com/news/87823,Asia,350908,29073,777,2025-09-25
Business Insider,https://businessinsider.com/news/35862,Europe,310110,48459,603,2025-09-06
Finanzen.net,https://finanzen.net.com/news/16567,Australia,35758,5670,202,2025-09-11
Bloomberg Asia,https://bloombergasia.com/news/95688,Europe,332412,22576,1509,2025-09-04
ABC News,https://abcnews.com/news/39039,US,317961,75420,3730,2025-08-29
iMore,https://imore.com/news/23165,Canada,35117,3580,268,2025-09-13
NBC News,https://nbcnews.com/news/21196,Europe,193987,39686,1695,2025-09-19
Digital Trends,https://digitaltrends.com/news/41223,Europe,58219,7341,111,2025-09-15
Fast Company,https://fastcompany.com/news/99854,Canada,62070,14261,257,2025-09-21
TechCrunch,https://techcrunch.com/news/53544,Europe,276660,64130,3665,2025-08-21
Inc.,https://inc..com/news/91290,Australia,223062,21512,212,2025-09-21
Gizmodo,https://gizmodo.com/news/98556,US,253640,46168,464,2025-07-20
Newsweek,https://newsweek.com/news/60655,Global,377681,66534,4761,2025-10-07
Bloomberg Asia,https://bloombergasia.com/news/14330,Europe,330864,23370,589,2025-10-08
Times Now,https://timesnow.com/news/65803,Canada,301922,71217,4079,2025-10-03
TechRadar,https://techradar.com/news/36665,Canada,374404,28828,1947,2025-08-07
Forbes,https://forbes.com/news/94762,Middle East,374912,57590,2179,2025-08-26
Seeking Alpha,https://seekingalpha.com/news/13307,Canada,336545,41469,1306,2025-09-30
TomsHardware,https://tomshardware.com/news/48828,Europe,215692,47076,1717,2025-08-02
Finanzen.net,https://finanzen.net.com/news/28581,Canada,329112,25286,999,2025-07-11
Reuters,https://reuters.com/news/58794,Asia,270954,36837,1750,2025-09-10
Benzinga,https://benzinga.com/news/26743,Asia,52529,7489,493,2025-08-08
Morningstar,https://morningstar.com/news/86420,Middle East,49941,3550,97,2025-08-01
Android Authority,https://androidauthority.com/news/27104,US,362282,67289,3095,2025-09-18
Associated Press,https://associatedpress.com/news/30357,Asia,42115,10336,812,2025-07-21
TomsHardware,https://tomshardware.com/news/36442,Europe,113930,17450,351,2025-08-15
CBS News,https://cbsnews.com/news/81488,Europe,192048,39211,763,2025-09-15
PCMag,https://pcmag.com/news/27933,Europe,17643,3464,43,2025-07-16
Fortune,https://fortune.com/news/89483,Asia,212006,26987,1782,2025-09-29
Morningstar,https://morningstar.com/news/45651,Global,427196,21669,1678,2025-07-12
VentureBeat,https://venturebeat.com/news/72880,Global,411500,85893,3488,2025-08-07
Bloomberg Asia,https://bloombergasia.com/news/42996,Asia,437442,90974,5331,2025-09-11
MarketWatch,https://marketwatch.com/news/71324,Asia,90252,11275,649,2025-08-18
Engadget,https://engadget.com/news/88672,Asia,488334,34397,307,2025-08-14
TomsHardware,https://tomshardware.com/news/27191,Asia,394497,82153,3612,2025-08-11
Digital Journal,https://digitaljournal.com/news/91375,Global,381044,89621,3209,2025-09-13
The Independent,https://theindependent.com/news/78823,Canada,80147,18419,912,2025-08-14
PCMag,https://pcmag.com/news/67462,Australia,177291,30846,1536,2025-08-09
Finanzen.net,https://finanzen.net.com/news/18375,Asia,35534,2901,92,2025-09-11
Digital Journal,https://digitaljournal.com/news/27088,US,67310,11890,255,2025-09-02
TechRadar,https://techradar.com/news/65363,Canada,46200,8286,660,2025-08-17
Finanzen.net,https://finanzen.net.com/news/91774,Middle East,38031,8487,370,2025-09-02
Benzinga,https://benzinga.com/news/24267,Europe,85056,19775,197,2025-08-02
Associated Press,https://associatedpress.com/news/17247,US,123640,17028,360,2025-09-27
Digital Journal,https://digitaljournal.com/news/87636,US,154529,12901,816,2025-08-22
Nasdaq,https://nasdaq.com/news/58896,Australia,355449,20659,876,2025-08-16
Inc.,https://inc..com/news/10200,Australia,306483,19654,1040,2025-07-11
CNBC Europe,https://cnbceurope.com/news/38530,Middle East,196415,18640,534,2025-08-23
Bloomberg Asia,https://bloombergasia.com/news/51477,Asia,135617,32225,425,2025-08-22
Forbes,https://forbes.com/news/86260,Global,156891,32538,1426,2025-08-12
NBC News,https://nbcnews.com/news/42562,Australia,400657,77945,5831,2025-09-06
The Verge,https://theverge.com/news/95453,Global,432172,51692,1407,2025-07-30
Hindustan Times,https://hindustantimes.com/news/45443,Global,268998,23437,928,2025-07-26
Forbes,https://forbes.com/news/41288,Australia,253281,45733,2843,2025-08-10
CNBC Europe,https://cnbceurope.com/news/13203,Australia,93014,10006,89,2025-07-15
PCMag,https://pcmag.com/news/32740,Global,117102,23326,1000,2025-07-24
Washington Post,https://washingtonpost.com/news/44580,Europe,42640,5876,58,2025-08-24
Digital Trends,https://digitaltrends.com/news/90464,Asia,345388,45450,691,2025-09-30
CNN,https://cnn.com/news/18800,Asia,39724,6034,483,2025-09-16
CBS News,https://cbsnews.com/news/75540,Middle East,371764,64252,2004,2025-10-03
Entrepreneur,https://entrepreneur.com/news/30742,Asia,466485,83234,2617,2025-10-01
CNBC Europe,https://cnbceurope.com/news/92889,US,465768,29750,258,2025-09-12
Morningstar,https://morningstar.com/news/62031,Australia,237166,39176,1850,2025-10-06
Morningstar,https://morningstar.com/news/24868,Europe,226116,51382,1047,2025-09-04
Android Authority,https://androidauthority.com/news/56870,Australia,385187,24060,1097,2025-09-03
Bloomberg Asia,https://bloombergasia.com/news/97308,Global,228348,37957,897,2025-07-11
ET Telecom,https://ettelecom.com/news/55750,Asia,449274,64227,4886,2025-09-05
Seeking Alpha,https://seekingalpha.com/news/97099,Europe,369907,50868,1091,2025-07-15
Seeking Alpha,https://seekingalpha.com/news/13303,Australia,34748,2627,46,2025-07-26
ABC News,https://abcnews.com/news/11342,Global,186384,41309,814,2025-09-15
ZDNet,https://zdnet.com/news/81159,Australia,175569,38610,689,2025-10-07
Fortune,https://fortune.com/news/42428,Europe,126673,16784,747,2025-09-22
ET Telecom,https://ettelecom.com/news/45547,Global,132672,17605,1264,2025-08-19
Reuters,https://reuters.com/news/90257,Asia,328304,76321,1451,2025-09-13
CNN,https://cnn.com/news/39452,Australia,40210,4061,254,2025-09-26
ET Telecom,https://ettelecom.com/news/57517,Europe,71193,9784,737,2025-08-31
Newsweek,https://newsweek.com/news/23955,Asia,33914,5362,131,2025-09-03
CBS News,https://cbsnews.com/news/36132,Asia,185475,21590,1340,2025-09-22
Entrepreneur,https://entrepreneur.com/news/89435,Australia,470735,92385,4052,2025-08-25
Mashable,https://mashable.com/news/77800,US,334115,17347,148,2025-09-12
Finanzen.net,https://finanzen.net.com/news/71545,Europe,334691,73780,811,2025-09-07
Benzinga,https://benzinga.com/news/98627,Europe,17999,4336,160,2025-08-02
Washington Post,https://washingtonpost.com/news/83043,Middle East,464965,30568,297,2025-08-11
Bloomberg,https://bloomberg.com/news/42972,Middle East,381726,70265,729,2025-10-06
Fast Company,https://fastcompany.com/news/99982,Global,274660,33878,732,2025-10-06
ABC News,https://abcnews.com/news/64138,Global,65861,3738,40,2025-08-07
CBS News,https://cbsnews.com/news/50969,Canada,165633,17170,928,2025-08-24
Newsweek,https://newsweek.com/news/94610,Global,338538,24805,1578,2025-09-15
Business Standard,https://businessstandard.com/news/85713,Canada,157834,25673,1177,2025-08-21
Finanzen.net,https://finanzen.net.com/news/78168,Middle East,123053,15277,758,2025-08-31
Bloomberg,https://bloomberg.com/news/37534,Asia,379700,33522,1645,2025-07-13
Gizmodo,https://gizmodo.com/news/70718,Europe,251209,24448,1109,2025-07-11
Business Standard,https://businessstandard.com/news/61559,Asia,359627,52632,2603,2025-08-24
Benzinga,https://benzinga.com/news/37455,Europe,97224,7612,381,2025-09-12
Engadget,https://engadget.com/news/14409,Australia,464909,45099,499,2025-08-04
Nasdaq,https://nasdaq.com/news/33387,Middle East,201155,28474,1315,2025-08-14
Bloomberg Asia,https://bloombergasia.com/news/62796,Australia,102504,9702,766,2025-09-21
Associated Press,https://associatedpress.com/news/18530,Global,88140,15607,766,2025-07-17
The Verge,https://theverge.com/news/99594,Europe,288712,18605,1021,2025-09-03
Reuters,https://reuters.com/news/28678,Middle East,157270,32804,2166,2025-09-16
CBS News,https://cbsnews.com/news/91313,Australia,354386,46387,1363,2025-09-26
New York Times,https://newyorktimes.com/news/59875,US,183565,22940,381,2025-08-22
USA Today,https://usatoday.com/news/91704,Europe,80863,19600,1475,2025-07-14
Engadget,https://engadget.com/news/73939,Middle East,350791,67308,670,2025-08-17
iMore,https://imore.com/news/52388,US,238192,53129,2597,2025-08-14
The Verge,https://theverge.com/news/50407,Australia,186417,27397,285,2025-09-17
TechCrunch,https://techcrunch.com/news/71635,Canada,405694,66721,1077,2025-09-28
Gizmodo,https://gizmodo.com/news/76496,US,197361,34457,1184,2025-09-01
Nasdaq,https://nasdaq.com/news/64179,Middle East,436908,61458,4664,2025-09-13
The Verge,https://theverge.com/news/29175,Global,353069,37026,1130,2025-09-24
Engadget,https://engadget.com/news/34541,US,370751,92656,3969,2025-07-23
The Guardian,https://theguardian.com/news/12052,Australia,71141,14121,654,2025-09-16
The Independent,https://theindependent.com/news/37428,Europe,399562,34910,2285,2025-09-21
ZDNet,https://zdnet.com/news/79918,Global,371298,68721,4228,2025-08-28
Bloomberg,https://bloomberg.com/news/52078,Asia,233918,44363,1830,2025-07-20
The Independent,https://theindependent.com/news/84165,US,84929,15687,339,2025-08-11
PCMag,https://pcmag.com/news/62494,Middle East,124915,30591,1997,2025-07-18
Engadget,https://engadget.com/news/77756,Europe,354786,72000,3808,2025-09-28
Digital Journal,https://digitaljournal.com/news/54990,Middle East,297320,46663,1876,2025-09-10
Entrepreneur,https://entrepreneur.com/news/16076,Australia,79976,6162,316,2025-09-19
Morningstar,https://morningstar.com/news/87856,Australia,57492,5203,265,2025-09-07
Hindustan Times,https://hindustantimes.com/news/60647,Asia,406677,98561,6893,2025-08-25
Fast Company,https://fastcompany.com/news/51041,Middle East,450718,40112,1970,2025-08-17
Inc.,https://inc..com/news/88124,Asia,245444,34084,1796,2025-08-04
Digital Journal,https://digitaljournal.com/news/22910,US,293632,49699,2677,2025-07-11
The Independent,https://theindependent.com/news/15610,Asia,450420,58761,3508,2025-08-26
MSN News,https://msnnews.com/news/66370,Australia,468624,60407,3949,2025-08-24
Times Now,https://timesnow.com/news/97124,Canada,454207,89818,1930,2025-09-01
Finanzen.net,https://finanzen.net.com/news/53986,Middle East,66263,12794,631,2025-08-20
Inc.,https://inc..com/news/36665,Middle East,50697,3924,266,2025-09-22
CNBC Europe,https://cnbceurope.com/news/77934,Europe,225817,54860,717,2025-10-05
USA Today,https://usatoday.com/news/60849,Europe,218696,23948,652,2025-08-25
ZDNet,https://zdnet.com/news/10945,Global,48382,5923,233,2025-09-24
Nasdaq,https://nasdaq.com/news/43587,Canada,75992,4996,231,2025-07-23
TomsHardware,https://tomshardware.com/news/44561,Asia,446955,49123,2208,2025-09-13
Mashable,https://mashable.com/news/72146,Australia,413383,51829,3401,2025-08-08
CNET,https://cnet.com/news/14494,Asia,175090,29353,1859,2025-10-08
Android Authority,https://androidauthority.com/news/22072,Global,231914,29190,569,2025-08-05
CNN,https://cnn.com/news/65293,Global,151377,21095,1334,2025-09-12
ET Telecom,https://ettelecom.com/news/77636,US,367301,52501,2607,2025-08-25
TomsHardware,https://tomshardware.com/news/76436,Australia,483200,119418,2402,2025-09-12
iMore,https://imore.com/news/88684,Europe,51951,10895,483,2025-09-06
Times Now,https://timesnow.com/news/40170,Canada,293051,67631,2951,2025-07-16
PR Newswire,https://prnewswire.com/news/53270,Canada,298434,29914,1035,2025-08-04
Business Insider,https://businessinsider.com/news/99074,Australia,465858,56796,888,2025-09-17
Newsweek,https://newsweek.com/news/22049,Canada,359316,79830,2620,2025-07-17
Washington Post,https://washingtonpost.com/news/32886,Australia,32215,6701,234,2025-09-29
Seeking Alpha,https://seekingalpha.com/news/77049,Europe,99874,24781,959,2025-09-15
Newsweek,https://newsweek.com/news/21766,US,125393,13405,543,2025-08-08
Entrepreneur,https://entrepreneur.com/news/97122,Middle East,27446,4489,76,2025-08-30
NBC News,https://nbcnews.com/news/36722,Asia,20660,2440,77,2025-10-08
Yahoo Finance,https://yahoofinance.com/news/89631,Asia,189946,41676,1684,2025-09-29
PR Newswire,https://prnewswire.com/news/97502,US,182842,31863,1814,2025-08-08
CBS News,https://cbsnews.com/news/60455,Asia,17579,3859,296,2025-09-05
Fox Business,https://foxbusiness.com/news/72403,Australia,24362,4256,306,2025-08-24
Yahoo Finance,https://yahoofinance.com/news/10262,Global,305324,23185,1135,2025-09-03
The Verge,https://theverge.com/news/36340,US,432402,97319,3773,2025-07-13
iMore,https://imore.com/news/15412,Asia,440482,74506,4941,2025-10-07
Associated Press,https://associatedpress.com/news/65388,Asia,418225,61005,915,2025-07-12
Reuters,https://reuters.com/news/96102,Europe,302145,38392,498,2025-08-25
Inc.,https://inc..com/news/96619,Global,275519,29325,1799,2025-09-02
Seeking Alpha,https://seekingalpha.com/news/11131,Australia,451643,86315,3353,2025-08-15
Gizmodo,https://gizmodo.com/news/88040,Australia,328430,37541,879,2025-07-11
Associated Press,https://associatedpress.com/news/29527,Global,195926,47902,3091,2025-07-27
Newsweek,https://newsweek.com/news/58457,US,348060,77049,6026,2025-09-10
The Independent,https://theindependent.com/news/68219,Global,15774,1072,81,2025-09-12
Yahoo Finance,https://yahoofinance.com/news/96236,Global,318242,22854,283,2025-08-27
Android Authority,https://androidauthority.com/news/49642,Asia,244544,60902,1071,2025-09-16
The Independent,https://theindependent.com/news/13189,Global,148190,26536,1164,2025-07-16
Mashable,https://mashable.com/news/70819,US,328477,45385,1749,2025-09-12
Entrepreneur,https://entrepreneur.com/news/98462,Asia,49197,6078,96,2025-10-07
New York Times,https://newyorktimes.com/news/72423,Middle East,69204,15459,138,2025-09-12
Benzinga,https://benzinga.com/news/46398,Europe,166851,24618,639,2025-09-17
Entrepreneur,https://entrepreneur.com/news/18672,Middle East,58972,10246,745,2025-08-30
Business Insider,https://businessinsider.com/news/57027,Canada,96003,19518,901,2025-10-04
NBC News,https://nbcnews.com/news/67101,Global,113048,15670,325,2025-08-05
Bloomberg,https://bloomberg.com/news/11125,US,326557,42731,540,2025-09-12
CNET,https://cnet.com/news/11951,US,75581,17292,494,2025-09-05
Finanzen.net,https://finanzen.net.com/news/24318,Europe,24138,5207,314,2025-09-11
Seeking Alpha,https://seekingalpha.com/news/67068,Middle East,32979,5442,281,2025-08-20
ET Telecom,https://ettelecom.com/news/45888,Canada,8496,1726,77,2025-10-06
Forbes,https://forbes.com/news/86637,Europe,156875,32999,2243,2025-08-09
MarketWatch,https://marketwatch.com/news/62698,US,203431,26879,706,2025-09-03
Washington Post,https://washingtonpost.com/news/73882,Canada,83875,4490,124,2025-07-20
Digital Trends,https://digitaltrends.com/news/79512,Australia,478648,92693,3217,2025-08-04
Washington Post,https://washingtonpost.com/news/98147,Asia,238731,25735,602,2025-07-31
The Verge,https://theverge.com/news/13858,Global,134756,16480,1059,2025-09-21
Mashable,https://mashable.com/news/62962,Asia,42447,7883,183,2025-08-17
Yahoo Finance,https://yahoofinance.com/news/58703,US,376556,20353,1611,2025-07-27
Forbes,https://forbes.com/news/90254,Middle East,44001,7612,130,2025-08-12
Inc.,https://inc..com/news/80112,Australia,168133,37962,2259,2025-09-29
CNN,https://cnn.com/news/88862,Canada,297638,30841,1137,2025-07-11
MSN News,https://msnnews.com/news/36595,Canada,122304,25056,321,2025-07-26
The Guardian,https://theguardian.com/news/17897,Canada,483938,118863,1037,2025-08-02
CNBC Europe,https://cnbceurope.com/news/10783,Global,25779,5267,59,2025-09-30
iMore,https://imore.com/news/79241,Global,431826,27370,573,2025-09-10
Newsweek,https://newsweek.com/news/81391,Global,420988,62128,2460,2025-08-14
TechCrunch,https://techcrunch.com/news/65663,Australia,56069,5615,215,2025-08-30
iMore,https://imore.com/news/79812,Asia,115449,25976,1321,2025-08-21
Yahoo Finance,https://yahoofinance.com/news/97142,Canada,457113,32045,1095,2025-09-05
Digital Journal,https://digitaljournal.com/news/51662,Global,114584,23711,750,2025-09-17
Benzinga,https://benzinga.com/news/23196,Asia,357384,68770,2823,2025-08-20
ZDNet,https://zdnet.com/news/52154,Global,385207,52896,2328,2025-09-09
USA Today,https://usatoday.com/news/50373,Asia,396333,65684,2864,2025-07-11
Morningstar,https://morningstar.com/news/92003,US,394080,19856,715,2025-07-23
The Globe and Mail,https://theglobeandmail.com/news/64288,Australia,283498,59272,1221,2025-09-01
CBS News,https://cbsnews.com/news/10434,Middle East,430040,44723,2097,2025-07-29
TomsHardware,https://tomshardware.com/news/53900,Europe,255987,22534,1066,2025-07-24
TomsHardware,https://tomshardware.com/news/38099,Canada,31997,6262,401,2025-09-07
Morningstar,https://morningstar.com/news/16349,Europe,497416,50355,2218,2025-09-09
Digital Trends,https://digitaltrends.com/news/80900,Australia,483957,29136,2400,2025-07-12
Benzinga,https://benzinga.com/news/36077,Asia,32213,3432,151,2025-08-31
Nasdaq,https://nasdaq.com/news/75192,Middle East,464930,45458,1495,2025-07-17
ABC News,https://abcnews.com/news/72954,US,100371,11393,573,2025-09-24
Associated Press,https://associatedpress.com/news/53221,Canada,302016,67200,513,2025-07-17
Seeking Alpha,https://seekingalpha.com/news/16279,Asia,258527,34615,2771,2025-09-18
CNN,https://cnn.com/news/55751,Australia,428131,57717,3581,2025-07-26
CNN,https://cnn.com/news/76516,Canada,61914,9295,139,2025-09-25
Fox Business,https://foxbusiness.com/news/92420,Global,54349,10706,450,2025-08-23
CNN,https://cnn.com/news/58527,Europe,474451,56966,1021,2025-07-22
ZDNet,https://zdnet.com/news/93269,Australia,153203,37942,1347,2025-08-27
ET Telecom,https://ettelecom.com/news/36339,Asia,42406,9716,118,2025-07-13
Reuters,https://reuters.com/news/90338,Asia,12620,2054,156,2025-09-03
Bloomberg Asia,https://bloombergasia.com/news/15944,Europe,54043,6983,308,2025-08-06
Fox Business,https://foxbusiness.com/news/96470,US,39992,5593,376,2025-09-08
Newsweek,https://newsweek.com/news/41684,Australia,175014,35069,2205,2025-09-26
Business Insider,https://businessinsider.com/news/32529,Global,389546,89879,2288,2025-09-23
Fox Business,https://foxbusiness.com/news/32047,Global,141661,31780,816,2025-09-18
New York Times,https://newyorktimes.com/news/59917,Global,292047,20995,528,2025-07-20
CNN,https://cnn.com/news/70105,Canada,391803,45887,2517,2025-09-03
TechCrunch,https://techcrunch.com/news/89807,US,363115,61125,1937,2025-08-11
Inc.,https://inc..com/news/74845,Canada,493749,41496,2070,2025-09-04
Inc.,https://inc..com/news/11669,US,300980,44120,1615,2025-09-21
CNET,https://cnet.com/news/19849,Asia,266781,23445,1027,2025-07-31
The Independent,https://theindependent.com/news/77796,Australia,76462,17642,618,2025-08-18
Newsweek,https://newsweek.com/news/59650,Canada,394119,70048,3932,2025-09-07
The Globe and Mail,https://theglobeandmail.com/news/13755,Asia,453901,103252,2260,2025-08-19
MSN News,https://msnnews.com/news/97437,US,235204,53540,3113,2025-08-27
Gizmodo,https://gizmodo.com/news/88667,Asia,429135,93923,4735,2025-08-26
Gizmodo,https://gizmodo.com/news/49188,US,432260,74351,832,2025-09-17
MarketWatch,https://marketwatch.com/news/86541,Australia,434101,56544,695,2025-08-25
Gizmodo,https://gizmodo.com/news/11041,Canada,165561,19738,310,2025-09-18
Hindustan Times,https://hindustantimes.com/news/38661,Global,307279,76450,4880,2025-09-30
USA Today,https://usatoday.com/news/81210,US,353152,46118,1212,2025-09-06
Nasdaq,https://nasdaq.com/news/85417,Canada,249752,30604,360,2025-08-10
Morningstar,https://morningstar.com/news/71419,Europe,491173,110171,2898,2025-09-28
ET Telecom,https://ettelecom.com/news/29912,Europe,255042,37896,2279,2025-07-16
Business Standard,https://businessstandard.com/news/46896,Canada,99115,16737,566,2025-07-16
The Verge,https://theverge.com/news/18472,Canada,485115,94932,5396,2025-07-27
Morningstar,https://morningstar.com/news/96172,Middle East,362351,84094,4803,2025-07-17
Android Authority,https://androidauthority.com/news/32227,Asia,127435,28733,572,2025-09-09
Seeking Alpha,https://seekingalpha.com/news/21566,Global,117862,26646,1540,2025-09-19
TomsHardware,https://tomshardware.com/news/25079,Canada,282126,28625,179,2025-09-07
Reuters,https://reuters.com/news/53669,Asia,251095,29912,320,2025-07-15
The Verge,https://theverge.com/news/55319,Asia,409612,31660,936,2025-09-16
Android Authority,https://androidauthority.com/news/79867,Australia,215174,27400,2177,2025-09-24
Morningstar,https://morningstar.com/news/57390,US,115968,17113,1258,2025-10-01
Hindustan Times,https://hindustantimes.com/news/61277,Canada,383040,78217,2343,2025-09-02
Morningstar,https://morningstar.com/news/14914,US,303072,43343,3374,2025-08-05
TechCrunch,https://techcrunch.com/news/36554,Middle East,423696,28978,1074,2025-08-17
Bloomberg,https://bloomberg.com/news/74001,Global,108896,11831,920,2025-07-21
Business Standard,https://businessstandard.com/news/86364,Australia,206469,29326,1393,2025-07-24
Fox Business,https://foxbusiness.com/news/72996,Middle East,375922,39201,3434,2025-08-17
The Guardian,https://theguardian.com/news/93787,US,456557,93370,7563,2025-08-30
Fox Business,https://foxbusiness.com/news/82301,Australia,261490,54960,1914,2025-07-13
TomsHardware,https://tomshardware.com/news/77068,Australia,266163,13635,1040,2025-08-18
MSN News,https://msnnews.com/news/79549,Middle East,423522,73453,2162,2025-08-16
The Verge,https://theverge.com/news/94763,Europe,97003,22970,848,2025-09-15
CNBC Europe,https://cnbceurope.com/news/40758,Europe,342530,69253,1575,2025-07-29
ET Telecom,https://ettelecom.com/news/81485,Middle East,290450,22034,606,2025-08-30
MarketWatch,https://marketwatch.com/news/80890,US,251350,59036,1536,2025-09-09
Digital Journal,https://digitaljournal.com/news/90274,Australia,432318,98801,8231,2025-08-10
Benzinga,https://benzinga.com/news/11931,Asia,27172,4822,292,2025-08-05
TomsHardware,https://tomshardware.com/news/72178,Canada,142344,12230,347,2025-10-04
Engadget,https://engadget.com/news/91348,Middle East,19411,3961,78,2025-10-07
CBS News,https://cbsnews.com/news/19415,Asia,266321,27657,1936,2025-08-10
Digital Journal,https://digitaljournal.com/news/28237,Australia,234541,14871,1009,2025-10-08
Business Standard,https://businessstandard.com/news/65821,Canada,468889,60973,4454,2025-07-30
The Verge,https://theverge.com/news/80753,US,184322,38668,914,2025-07-24
Inc.,https://inc..com/news/93304,Canada,201265,11890,82,2025-09-20
Bloomberg Asia,https://bloombergasia.com/news/73583,US,478370,41291,2994,2025-08-01
Yahoo Finance,https://yahoofinance.com/news/95884,Canada,498204,70380,1915,2025-07-25
Fox Business,https://foxbusiness.com/news/62040,US,302864,32523,2385,2025-09-12
Business Insider,https://businessinsider.com/news/95146,US,431842,74767,1646,2025-08-15
ET Telecom,https://ettelecom.com/news/95272,US,481087,62838,2149,2025-07-11
The Independent,https://theindependent.com/news/97840,Australia,378350,84229,1275,2025-07-20
Gizmodo,https://gizmodo.com/news/29312,Australia,393479,66754,1135,2025-09-17
Inc.,https://inc..com/news/70647,Middle East,308461,20215,834,2025-08-23
Morningstar,https://morningstar.com/news/91705,US,314908,36156,503,2025-09-13
Business Insider,https://businessinsider.com/news/96197,Asia,250114,46904,2588,2025-09-02
Reuters,https://reuters.com/news/87144,Global,30262,5287,389,2025-08-01
Fast Company,https://fastcompany.com/news/88375,Global,236682,30763,1842,2025-09-10
Digital Journal,https://digitaljournal.com/news/32676,US,100704,14762,467,2025-07-16
CNN,https://cnn.com/news/14757,Middle East,128769,12478,149,2025-08-18
CBS News,https://cbsnews.com/news/36237,Global,164738,11687,640,2025-09-01
Forbes,https://forbes.com/news/98962,Global,457570,79222,4603,2025-08-03
CNET,https://cnet.com/news/80927,Asia,397107,71358,4422,2025-08-17
ZDNet,https://zdnet.com/news/16515,Asia,320788,43106,439,2025-09-29
The Globe and Mail,https://theglobeandmail.com/news/46449,Europe,151816,29179,1411,2025-10-05
TechCrunch,https://techcrunch.com/news/50661,Global,171274,14600,412,2025-10-06
Associated Press,https://associatedpress.com/news/74336,Australia,238839,57653,1111,2025-09-06
Hindustan Times,https://hindustantimes.com/news/51371,Europe,174529,27404,346,2025-09-02
Finanzen.net,https://finanzen.net.com/news/36241,US,134173,16824,878,2025-09-17
iMore,https://imore.com/news/58783,Asia,289242,21547,970,2025-09-30
Business Insider,https://businessinsider.com/news/73871,Asia,315823,77807,3469,2025-10-06
ZDNet,https://zdnet.com/news/88001,Europe,172400,21812,1426,2025-07-21
Newsweek,https://newsweek.com/news/81789,Asia,99939,22396,1149,2025-07-18
TechRadar,https://techradar.com/news/33657,Australia,385230,23293,1944,2025-07-23
The Guardian,https://theguardian.com/news/38638,Middle East,85547,5430,104,2025-09-26
The Independent,https://theindependent.com/news/98214,Asia,394438,54709,4112,2025-09-28
The Guardian,https://theguardian.com/news/44189,Australia,382254,83775,2656,2025-08-04
Mashable,https://mashable.com/news/25504,Global,205422,43784,2768,2025-08-05
TomsHardware,https://tomshardware.com/news/30698,Australia,82947,14182,886,2025-07-18
VentureBeat,https://venturebeat.com/news/78790,US,389688,25253,1067,2025-09-14
CNET,https://cnet.com/news/88441,Middle East,265065,44185,1650,2025-08-02
Hindustan Times,https://hindustantimes.com/news/48061,Australia,320508,69442,3294,2025-07-11
PCMag,https://pcmag.com/news/53589,Global,316058,17711,298,2025-07-21
Reuters,https://reuters.com/news/91766,US,113180,25987,500,2025-08-05
Finanzen.net,https://finanzen.net.com/news/26656,Australia,111109,20788,295,2025-08-28
ZDNet,https://zdnet.com/news/79255,Global,180523,31035,2093,2025-09-22
Digital Journal,https://digitaljournal.com/news/84891,Asia,194584,29656,1938,2025-09-27
Mashable,https://mashable.com/news/86885,Global,212395,53024,4167,2025-08-19
Business Standard,https://businessstandard.com/news/12165,Asia,418369,100680,4610,2025-08-11
USA Today,https://usatoday.com/news/74903,Global,99859,6104,376,2025-07-27
MarketWatch,https://marketwatch.com/news/96420,Australia,467271,50569,3343,2025-07-18
The Independent,https://theindependent.com/news/72405,US,231081,42022,2465,2025-10-03
Business Insider,https://businessinsider.com/news/24376,Australia,125718,16576,377,2025-08-02
Washington Post,https://washingtonpost.com/news/91019,Australia,427172,86064,2092,2025-08-10
iMore,https://imore.com/news/97714,US,276540,60678,1201,2025-07-28
Business Standard,https://businessstandard.com/news/39573,Middle East,403321,27321,1386,2025-09-26
Bloomberg Asia,https://bloombergasia.com/news/17231,Canada,390926,53125,1765,2025-07-29
PR Newswire,https://prnewswire.com/news/72944,Europe,18508,1674,28,2025-08-16
Hindustan Times,https://hindustantimes.com/news/87630,Asia,449360,23835,574,2025-08-26
TomsHardware,https://tomshardware.com/news/75850,Middle East,72898,12845,964,2025-10-01
PCMag,https://pcmag.com/news/73668,US,137211,31916,2556,2025-09-20
Business Insider,https://businessinsider.com/news/26472,Global,145561,31769,2070,2025-08-23
PR Newswire,https://prnewswire.com/news/37533,Australia,444895,98015,6960,2025-08-13
ZDNet,https://zdnet.com/news/49343,Europe,487982,98010,1783,2025-07-18
Finanzen.net,https://finanzen.net.com/news/81785,Australia,438887,27043,841,2025-08-01
The Verge,https://theverge.com/news/84910,Europe,170337,19901,430,2025-09-22
TechCrunch,https://techcrunch.com/news/60571,Europe,335670,65422,2446,2025-10-01
CNN,https://cnn.com/news/28080,Asia,12076,1604,102,2025-09-26
Engadget,https://engadget.com/news/48912,Canada,35321,7423,220,2025-09-14
The Globe and Mail,https://theglobeandmail.com/news/96039,Australia,219469,32261,1357,2025-09-14
Bloomberg Asia,https://bloombergasia.com/news/93825,US,169278,25748,893,2025-08-08
Seeking Alpha,https://seekingalpha.com/news/71114,US,343452,20887,973,2025-08-06
Seeking Alpha,https://seekingalpha.com/news/36007,Europe,412325,97782,1017,2025-09-28
USA Today,https://usatoday.com/news/51016,Europe,18864,4149,159,2025-09-12
Inc.,https://inc..com/news/39924,US,245707,21558,887,2025-09-12
Inc.,https://inc..com/news/18501,Middle East,17061,1192,75,2025-10-01
Engadget,https://engadget.com/news/64668,Canada,388650,76042,3392,2025-09-17
Fox Business,https://foxbusiness.com/news/67781,Global,279711,56735,2723,2025-07-16
The Independent,https://theindependent.com/news/96246,US,421865,83140,5411,2025-09-19
Android Authority,https://androidauthority.com/news/47691,Asia,20646,2008,75,2025-09-08
Washington Post,https://washingtonpost.com/news/71825,Global,206489,20029,1137,2025-07-17
Finanzen.net,https://finanzen.net.com/news/61650,US,78984,9246,556,2025-08-18
Bloomberg,https://bloomberg.com/news/45396,Canada,252111,29645,1579,2025-08-09
iMore,https://imore.com/news/36031,Asia,140655,15151,655,2025-08-06
TomsHardware,https://tomshardware.com/news/48783,Middle East,220077,40243,1886,2025-07-27
The Verge,https://theverge.com/news/57024,US,431309,40442,2196,2025-07-23
Digital Trends,https://digitaltrends.com/news/73413,Australia,496721,97187,5479,2025-08-12
CNET,https://cnet.com/news/21122,Australia,145742,20678,1086,2025-08-15
CNET,https://cnet.com/news/83288,Global,148399,26170,563,2025-09-02
Digital Trends,https://digitaltrends.com/news/78696,Europe,418985,43882,1793,2025-10-01
CNN,https://cnn.com/news/99495,US,12787,2166,38,2025-08-18
Hindustan Times,https://hindustantimes.com/news/62023,US,283276,33727,375,2025-07-24
Bloomberg,https://bloomberg.com/news/34419,Australia,223194,45470,2688,2025-09-13
Bloomberg Asia,https://bloombergasia.com/news/20723,Asia,189619,42485,3044,2025-09-24
Digital Trends,https://digitaltrends.com/news/44417,Australia,217130,25712,1022,2025-08-28
ABC News,https://abcnews.com/news/28144,Australia,237455,57964,3059,2025-10-05
Seeking Alpha,https://seekingalpha.com/news/42124,Europe,437195,56771,2959,2025-07-20
ET Telecom,https://ettelecom.com/news/43620,Middle East,137443,13215,124,2025-09-14
USA Today,https://usatoday.com/news/49557,Canada,184521,36703,1663,2025-07-12
Morningstar,https://morningstar.com/news/16905,Europe,226471,21916,213,2025-07-27
Fast Company,https://fastcompany.com/news/73594,Australia,348776,22650,546,2025-08-13
Inc.,https://inc..com/news/39278,Australia,146289,33551,886,2025-09-18
Hindustan Times,https://hindustantimes.com/news/24154,Middle East,427294,99859,5272,2025-08-31
CBS News,https://cbsnews.com/news/70614,Asia,360983,34779,1901,2025-10-08
Engadget,https://engadget.com/news/70266,US,297261,30271,785,2025-09-26
VentureBeat,https://venturebeat.com/news/91172,Asia,340879,84593,2169,2025-08-05
Android Authority,https://androidauthority.com/news/53717,Canada,338028,42726,1496,2025-09-10
CBS News,https://cbsnews.com/news/80398,Global,47334,3874,193,2025-09-15
Morningstar,https://morningstar.com/news/54628,Europe,174881,26365,837,2025-09-22
Newsweek,https://newsweek.com/news/47018,Middle East,113751,10538,562,2025-08-19
Android Authority,https://androidauthority.com/news/36290,Canada,83168,18572,1343,2025-07-11
Fox Business,https://foxbusiness.com/news/64514,Middle East,326164,80806,2928,2025-08-14
ABC News,https://abcnews.com/news/48097,Asia,391937,29863,565,2025-07-12
iMore,https://imore.com/news/37357,Europe,122695,26291,601,2025-08-20
The Independent,https://theindependent.com/news/56918,US,103626,9694,270,2025-07-31
Digital Trends,https://digitaltrends.com/news/54756,Europe,409331,85612,2165,2025-09-19
CBS News,https://cbsnews.com/news/16491,Global,56835,3482,93,2025-08-07
Engadget,https://engadget.com/news/34615,Canada,435526,108046,2464,2025-09-21
Newsweek,https://newsweek.com/news/54706,Middle East,304554,67333,3179,2025-08-11
ABC News,https://abcnews.com/news/70856,Canada,228708,26204,167,2025-09-20
Inc.,https://inc..com/news/14409,Global,310809,34556,876,2025-08-08
Fortune,https://fortune.com/news/92538,Australia,383721,32061,806,2025-08-02
Bloomberg,https://bloomberg.com/news/94499,Canada,234230,57075,2422,2025-08-30
TomsHardware,https://tomshardware.com/news/11869,Europe,294037,15524,700,2025-08-26
TomsHardware,https://tomshardware.com/news/28974,Asia,354864,84841,871,2025-09-08
Morningstar,https://morningstar.com/news/93854,US,466152,29489,1260,2025-08-22
iMore,https://imore.com/news/98726,Global,489478,88765,790,2025-07-15
The Verge,https://theverge.com/news/71874,Asia,168811,39165,1328,2025-08-10
Seeking Alpha,https://seekingalpha.com/news/32586,US,438479,54836,3159,2025-09-28
Nasdaq,https://nasdaq.com/news/80081,Global,51555,3598,227,2025-09-05
MarketWatch,https://marketwatch.com/news/25100,Canada,45405,5640,254,2025-09-20
The Independent,https://theindependent.com/news/95140,Australia,268249,53329,2185,2025-08-09
The Guardian,https://theguardian.com/news/76313,Europe,21804,3055,216,2025-08-01
Newsweek,https://newsweek.com/news/48619,US,13056,2142,29,2025-08-25
Bloomberg,https://bloomberg.com/news/35524,Global,172848,20817,1283,2025-07-22
Digital Trends,https://digitaltrends.com/news/98247,Middle East,25447,1982,13,2025-09-06
Washington Post,https://washingtonpost.com/news/38339,Asia,145265,32617,1861,2025-08-04
Fortune,https://fortune.com/news/49832,Asia,104379,19059,420,2025-08-22
Fast Company,https://fastcompany.com/news/65757,US,294387,29652,1828,2025-08-15
MarketWatch,https://marketwatch.com/news/51966,Europe,54631,12482,217,2025-09-12
The Independent,https://theindependent.com/news/32571,US,280740,63577,2375,2025-07-24
MarketWatch,https://marketwatch.com/news/30465,Global,197949,16491,486,2025-09-20
VentureBeat,https://venturebeat.com/news/25695,Middle East,143231,28087,998,2025-09-07
Business Standard,https://businessstandard.com/news/50919,Canada,415197,56322,3080,2025-09-05
CNET,https://cnet.com/news/80025,Middle East,65799,4925,209,2025-08-24
Washington Post,https://washingtonpost.com/news/15211,US,354289,83681,3606,2025-07-27
The Guardian,https://theguardian.com/news/20709,Europe,184626,27403,1034,2025-09-15
Bloomberg Asia,https://bloombergasia.com/news/22775,Middle East,53680,10956,119,2025-09-01
CNBC Europe,https://cnbceurope.com/news/27690,Middle East,320617,48980,3023,2025-08-31
Hindustan Times,https://hindustantimes.com/news/82280,Europe,412143,46650,2107,2025-08-08
Fortune,https://fortune.com/news/40909,Middle East,221446,31706,926,2025-09-20
PCMag,https://pcmag.com/news/88114,Asia,227738,22317,1053,2025-08-31
Engadget,https://engadget.com/news/74926,Canada,230065,26919,1468,2025-09-27
Seeking Alpha,https://seekingalpha.com/news/20965,Global,323246,70517,4280,2025-08-06
Business Standard,https://businessstandard.com/news/68750,US,244912,24546,1177,2025-08-30
Benzinga,https://benzinga.com/news/82806,Australia,86537,17107,271,2025-08-24
Reuters,https://reuters.com/news/58764,US,212006,33083,1877,2025-09-28
CNET,https://cnet.com/news/42087,US,461023,36537,921,2025-09-05
Bloomberg,https://bloomberg.com/news/26442,Europe,312154,58277,1540,2025-07-17
Hindustan Times,https://hindustantimes.com/news/12294,US,141755,26404,410,2025-10-04
Forbes,https://forbes.com/news/34875,Canada,150300,8561,415,2025-09-10
Reuters,https://reuters.com/news/55808,US,474961,26941,1039,2025-10-07
Bloomberg Asia,https://bloombergasia.com/news/58437,Global,496619,119593,2034,2025-07-20
CNET,https://cnet.com/news/66605,Europe,188916,33391,527,2025-09-22
USA Today,https://usatoday.com/news/44038,Australia,96889,7203,635,2025-08-21
TechCrunch,https://techcrunch.com/news/90552,Global,315098,19914,684,2025-10-06
BBC News,https://bbcnews.com/news/49412,Global,439443,109077,5431,2025-07-19
Engadget,https://engadget.com/news/97506,Canada,148497,17440,989,2025-08-20
Benzinga,https://benzinga.com/news/24037,Asia,493295,32623,1649,2025-10-01
NBC News,https://nbcnews.com/news/96719,Europe,302599,63367,2162,2025-07-18
TechCrunch,https://techcrunch.com/news/50621,Canada,247722,25545,813,2025-09-11
VentureBeat,https://venturebeat.com/news/86136,Canada,114143,15175,158,2025-08-12
Seeking Alpha,https://seekingalpha.com/news/66565,Middle East,184848,22308,903,2025-09-11
Benzinga,https://benzinga.com/news/76113,Australia,411174,66789,3162,2025-08-18
CNET,https://cnet.com/news/71716,Middle East,382491,51413,1005,2025-08-02
Gizmodo,https://gizmodo.com/news/66142,Middle East,110635,12142,969,2025-07-20
Business Insider,https://businessinsider.com/news/46958,Asia,416269,59501,1502,2025-10-04
The Globe and Mail,https://theglobeandmail.com/news/85113,Global,140337,7143,161,2025-09-08
CNN,https://cnn.com/news/51289,Canada,388735,42823,3062,2025-08-06
TechRadar,https://techradar.com/news/21573,US,291290,61873,560,2025-09-28
Washington Post,https://washingtonpost.com/news/11348,Asia,319966,23582,1176,2025-09-10
Associated Press,https://associatedpress.com/news/73985,Asia,230131,17087,190,2025-07-11
iMore,https://imore.com/news/12521,Australia,200965,40442,361,2025-07-12
Reuters,https://reuters.com/news/92724,Canada,291475,17037,846,2025-07-29
The Guardian,https://theguardian.com/news/97054,US,37636,2022,65,2025-07-27
Seeking Alpha,https://seekingalpha.com/news/71618,Europe,368122,65855,1067,2025-09-20
MarketWatch,https://marketwatch.com/news/41282,Asia,163298,17482,1072,2025-09-18
Yahoo Finance,https://yahoofinance.com/news/31590,Canada,316886,42597,1627,2025-10-06
BBC News,https://bbcnews.com/news/57049,Middle East,38034,2381,56,2025-08-04
BBC News,https://bbcnews.com/news/31817,Asia,107027,19968,256,2025-09-18
Times Now,https://timesnow.com/news/16906,Middle East,77943,14980,690,2025-07-22
Fox Business,https://foxbusiness.com/news/54673,Australia,182499,16975,720,2025-08-30
Benzinga,https://benzinga.com/news/30209,US,281463,40035,944,2025-10-02
Business Standard,https://businessstandard.com/news/88082,Australia,217131,42907,2305,2025-08-12
The Globe and Mail,https://theglobeandmail.com/news/32946,Europe,466401,111532,9107,2025-09-10
ET Telecom,https://ettelecom.com/news/16032,Middle East,382976,79410,3346,2025-09-12
CBS News,https://cbsnews.com/news/30666,Europe,346643,55676,3114,2025-07-29
CNBC Europe,https://cnbceurope.com/news/13632,Europe,477792,90624,1945,2025-09-10
MSN News,https://msnnews.com/news/12282,US,294482,33528,486,2025-08-02
Entrepreneur,https://entrepreneur.com/news/54150,Global,288498,30353,1483,2025-08-07
Entrepreneur,https://entrepreneur.com/news/46297,Canada,17042,2479,79,2025-09-17
Fox Business,https://foxbusiness.com/news/94160,Global,115131,24897,763,2025-07-27
Android Authority,https://androidauthority.com/news/22561,Europe,28579,3961,40,2025-08-03
TomsHardware,https://tomshardware.com/news/71316,Europe,484942,100251,1330,2025-07-30
TomsHardware,https://tomshardware.com/news/45490,Australia,337704,30417,1227,2025-09-13
PR Newswire,https://prnewswire.com/news/35941,US,358691,48859,3337,2025-09-04
Nasdaq,https://nasdaq.com/news/41861,Asia,438953,49890,3285,2025-09-26
ZDNet,https://zdnet.com/news/84902,US,409317,94794,6013,2025-09-26
Hindustan Times,https://hindustantimes.com/news/56382,Asia,385417,36901,262,2025-10-02
Fast Company,https://fastcompany.com/news/45409,Middle East,37417,7454,222,2025-08-27
CNET,https://cnet.com/news/52908,Asia,354915,70954,2132,2025-09-12
Entrepreneur,https://entrepreneur.com/news/69244,Canada,439516,60580,1222,2025-09-12
ZDNet,https://zdnet.com/news/94877,US,28652,4987,124,2025-08-20
Reuters,https://reuters.com/news/78388,Europe,125922,31053,1783,2025-09-27
TomsHardware,https://tomshardware.com/news/43136,Global,385286,61285,568,2025-08-25
Washington Post,https://washingtonpost.com/news/17062,Europe,447514,54978,977,2025-09-13
Fox Business,https://foxbusiness.com/news/36596,Asia,110906,7695,150,2025-09-13
Morningstar,https://morningstar.com/news/21778,Global,239446,42996,2230,2025-09-02
Engadget,https://engadget.com/news/65892,Middle East,151299,29225,1365,2025-08-15
Engadget,https://engadget.com/news/49556,Europe,156714,35799,1088,2025-08-10
ZDNet,https://zdnet.com/news/95779,Global,226745,48332,3758,2025-09-18
PR Newswire,https://prnewswire.com/news/88350,Australia,345652,71617,4232,2025-09-18
Digital Trends,https://digitaltrends.com/news/84626,Australia,185940,15190,789,2025-09-17
Morningstar,https://morningstar.com/news/55910,Canada,283991,43937,482,2025-08-12
Times Now,https://timesnow.com/news/50567,Middle East,133720,21845,1346,2025-08-10
MSN News,https://msnnews.com/news/75979,Global,190265,24847,1636,2025-07-12
Mashable,https://mashable.com/news/98446,Global,375590,44252,412,2025-07-13
TechCrunch,https://techcrunch.com/news/98502,Global,429241,104694,8807,2025-07-17
PCMag,https://pcmag.com/news/89877,Asia,393916,84837,5825,2025-09-22
The Guardian,https://theguardian.com/news/27389,Asia,143083,8076,176,2025-08-28
Inc.,https://inc..com/news/90868,US,67946,14537,225,2025-07-26
The Guardian,https://theguardian.com/news/78744,Canada,327151,64626,1336,2025-08-27
iMore,https://imore.com/news/52097,Australia,148997,34536,524,2025-09-05
ZDNet,https://zdnet.com/news/35633,Canada,142966,28231,298,2025-08-04
New York Times,https://newyorktimes.com/news/42867,Middle East,457665,101402,4777,2025-08-26
PCMag,https://pcmag.com/news/49144,Europe,29728,3929,261,2025-08-18
Entrepreneur,https://entrepreneur.com/news/67067,Middle East,402598,42082,860,2025-08-13
Bloomberg,https://bloomberg.com/news/41684,Canada,186046,18758,166,2025-09-19
USA Today,https://usatoday.com/news/32396,US,123247,6846,460,2025-08-10
Morningstar,https://morningstar.com/news/32282,Middle East,311030,31335,1413,2025-08-12
Entrepreneur,https://entrepreneur.com/news/24591,Canada,489565,73894,1903,2025-08-24
Fortune,https://fortune.com/news/35096,Europe,114417,28306,1819,2025-09-28
TomsHardware,https://tomshardware.com/news/14475,Canada,374647,90345,4748,2025-08-09
Inc.,https://inc..com/news/16688,Middle East,322441,51157,1568,2025-08-24
Benzinga,https://benzinga.com/news/59295,Global,387210,82033,4734,2025-09-13
TechRadar,https://techradar.com/news/25539,Global,90154,20567,572,2025-08-30
The Verge,https://theverge.com/news/52003,Europe,449323,71547,3724,2025-08-10
iMore,https://imore.com/news/33423,Australia,429862,62372,2611,2025-08-05
Inc.,https://inc..com/news/29916,Asia,215717,34151,556,2025-07-18
MarketWatch,https://marketwatch.com/news/26532,Europe,449067,102306,1052,2025-09-15
The Verge,https://theverge.com/news/35351,Global,292320,52904,777,2025-09-05
New York Times,https://newyorktimes.com/news/74856,Australia,300909,19851,471,2025-08-28
BBC News,https://bbcnews.com/news/93579,US,36032,4556,218,2025-09-07
Forbes,https://forbes.com/news/63708,US,25386,5838,322,2025-07-11
Times Now,https://timesnow.com/news/87383,Canada,395138,63074,4217,2025-09-20
Fortune,https://fortune.com/news/89169,Europe,182179,36356,873,2025-07-31
CNN,https://cnn.com/news/49861,Australia,122413,23712,1271,2025-08-11
Seeking Alpha,https://seekingalpha.com/news/56884,Europe,443031,50981,3463,2025-08-25
TechRadar,https://techradar.com/news/40198,Canada,122428,10472,289,2025-08-21
Digital Trends,https://digitaltrends.com/news/63637,Canada,98209,20745,1305,2025-09-28
Morningstar,https://morningstar.com/news/51660,Middle East,245488,36641,2100,2025-07-18
ET Telecom,https://ettelecom.com/news/53361,Global,308778,75128,3579,2025-09-18
Fox Business,https://foxbusiness.com/news/26521,Global,430946,47742,1148,2025-09-24
CNN,https://cnn.com/news/90659,Asia,261135,48959,1658,2025-10-02
ZDNet,https://zdnet.com/news/54166,Europe,67504,3510,130,2025-10-07
Business Insider,https://businessinsider.com/news/23488,US,291299,24382,343,2025-09-12
Entrepreneur,https://entrepreneur.com/news/92017,Global,437401,84548,3289,2025-09-05
VentureBeat,https://venturebeat.com/news/32341,Global,377776,37776,1746,2025-07-29
New York Times,https://newyorktimes.com/news/59464,Europe,38991,8609,145,2025-07-20
CBS News,https://cbsnews.com/news/98802,Canada,66673,8445,100,2025-07-30
Reuters,https://reuters.com/news/56377,Australia,242359,43363,2478,2025-07-26
ET Telecom,https://ettelecom.com/news/95898,Middle East,207350,27685,1913,2025-09-03
Fast Company,https://fastcompany.com/news/26603,US,390927,32086,1255,2025-07-17
Washington Post,https://washingtonpost.com/news/11012,Australia,194184,40547,2269,2025-09-20
Fortune,https://fortune.com/news/93022,US,23066,3207,34,2025-09-04
Inc.,https://inc..com/news/13507,US,409367,72575,1976,2025-08-23
Inc.,https://inc..com/news/70104,Global,440234,86293,5285,2025-07-26
Yahoo Finance,https://yahoofinance.com/news/79947,Europe,338491,27021,2034,2025-08-17
Newsweek,https://newsweek.com/news/39364,Asia,246758,46595,3808,2025-10-03
Business Insider,https://businessinsider.com/news/52660,Global,317564,35080,729,2025-08-12
The Verge,https://theverge.com/news/96556,Australia,426438,44919,3031,2025-10-05
VentureBeat,https://venturebeat.com/news/97614,Europe,58724,13292,339,2025-09-04
VentureBeat,https://venturebeat.com/news/56633,Asia,372002,29898,1181,2025-09-03
Inc.,https://inc..com/news/18027,Global,418159,54709,3458,2025-08-17
NBC News,https://nbcnews.com/news/88571,Asia,323186,58895,2680,2025-07-21
The Globe and Mail,https://theglobeandmail.com/news/37777,Global,149530,23513,1200,2025-09-26
Forbes,https://forbes.com/news/22494,Middle East,139545,10756,528,2025-08-09
Forbes,https://forbes.com/news/73628,Europe,274807,46803,3881,2025-10-06
Android Authority,https://androidauthority.com/news/69414,Global,181219,22660,1113,2025-07-13
Fortune,https://fortune.com/news/59164,Asia,471394,27179,2258,2025-07-25
CNET,https://cnet.com/news/96152,US,284650,65559,3816,2025-09-04
Business Insider,https://businessinsider.com/news/59133,Australia,437101,92322,6370,2025-07-23
Nasdaq,https://nasdaq.com/news/71713,Middle East,56226,7310,457,2025-07-21
TechCrunch,https://techcrunch.com/news/17306,Europe,227710,17171,1051,2025-08-26
CNET,https://cnet.com/news/58609,Australia,99078,24422,609,2025-09-30
Hindustan Times,https://hindustantimes.com/news/93738,Global,123781,6574,194,2025-08-14
CNN,https://cnn.com/news/34250,Asia,193331,19196,265,2025-09-30
Seeking Alpha,https://seekingalpha.com/news/77791,Asia,327551,78332,3708,2025-07-11
MarketWatch,https://marketwatch.com/news/24694,Australia,470130,30793,765,2025-08-07
Bloomberg Asia,https://bloombergasia.com/news/87049,Middle East,234370,13308,758,2025-09-17
MSN News,https://msnnews.com/news/40248,Canada,248681,31903,1576,2025-08-16
ZDNet,https://zdnet.com/news/24855,Asia,497622,59288,690,2025-07-13
Reuters,https://reuters.com/news/76549,Middle East,422270,24514,888,2025-08-31
Benzinga,https://benzinga.com/news/12819,Global,362886,89753,1730,2025-09-30
TechCrunch,https://techcrunch.com/news/87358,Asia,385316,61928,1521,2025-08-10
NBC News,https://nbcnews.com/news/55853,Canada,437611,103446,6060,2025-08-13
Fast Company,https://fastcompany.com/news/50677,Australia,395347,38309,761,2025-09-10
PCMag,https://pcmag.com/news/80446,Canada,146701,32586,1802,2025-07-27
Digital Journal,https://digitaljournal.com/news/74099,Asia,327800,53252,3809,2025-08-05
MarketWatch,https://marketwatch.com/news/73469,Europe,185693,45407,789,2025-08-15
Fast Company,https://fastcompany.com/news/53469,US,213322,41523,1084,2025-10-05
Engadget,https://engadget.com/news/22271,US,207220,39904,1314,2025-08-29
The Guardian,https://theguardian.com/news/12457,Asia,363775,64307,4197,2025-07-11
ET Telecom,https://ettelecom.com/news/87351,Canada,393000,48872,693,2025-09-05
Fortune,https://fortune.com/news/19377,Australia,347344,73662,2608,2025-07-17
TechCrunch,https://techcrunch.com/news/10052,Europe,298207,22125,818,2025-09-28
Yahoo Finance,https://yahoofinance.com/news/14058,Australia,122274,21586,1462,2025-08-21
ZDNet,https://zdnet.com/news/81914,Europe,464056,43361,2474,2025-08-06
Gizmodo,https://gizmodo.com/news/60352,Europe,336411,28593,440,2025-07-13
Business Standard,https://businessstandard.com/news/78472,Asia,194486,32039,1760,2025-08-10
CNBC Europe,https://cnbceurope.com/news/79718,Europe,75060,7354,273,2025-09-08
CNET,https://cnet.com/news/43659,Australia,105902,7177,449,2025-09-04
Entrepreneur,https://entrepreneur.com/news/90270,Middle East,127276,18760,351,2025-08-27
Engadget,https://engadget.com/news/41575,Europe,266700,41324,3199,2025-09-24
CNN,https://cnn.com/news/22364,Global,129434,29116,1759,2025-09-07
Forbes,https://forbes.com/news/34832,Canada,170688,39351,1276,2025-08-11
Digital Journal,https://digitaljournal.com/news/67322,Middle East,157306,8199,284,2025-08-27
Forbes,https://forbes.com/news/63955,Canada,245380,48181,2641,2025-09-12
CNBC Europe,https://cnbceurope.com/news/42853,Global,315661,20748,303,2025-10-05
Entrepreneur,https://entrepreneur.com/news/39337,Global,255216,15478,715,2025-07-18
ABC News,https://abcnews.com/news/70761,Middle East,227425,18352,939,2025-07-21
PR Newswire,https://prnewswire.com/news/23899,Asia,165492,25518,1227,2025-09-10
Associated Press,https://associatedpress.com/news/18901,Canada,71025,12493,749,2025-08-16
Yahoo Finance,https://yahoofinance.com/news/52626,Asia,338814,53046,3251,2025-07-14
Bloomberg,https://bloomberg.com/news/63666,Asia,402009,52086,3717,2025-08-22
The Independent,https://theindependent.com/news/33226,Australia,299678,32242,808,2025-09-08
Business Standard,https://businessstandard.com/news/62216,Canada,71640,6317,59,2025-07-23
ZDNet,https://zdnet.com/news/24347,Europe,344448,58613,3174,2025-09-27
CNET,https://cnet.com/news/20733,Canada,400500,27283,725,2025-09-21
CNBC Europe,https://cnbceurope.com/news/70386,Canada,64498,3441,264,2025-09-25
Forbes,https://forbes.com/news/99968,Middle East,312937,65203,2214,2025-07-12
Bloomberg,https://bloomberg.com/news/20102,Canada,403682,79225,3649,2025-08-09
USA Today,https://usatoday.com/news/34385,Asia,313710,37706,680,2025-08-03
Engadget,https://engadget.com/news/84482,Global,81924,13858,772,2025-07-27
CNET,https://cnet.com/news/21634,US,175392,18949,522,2025-08-18
Inc.,https://inc..com/news/47603,Global,93701,8379,322,2025-08-20
Business Insider,https://businessinsider.com/news/34486,Australia,346519,54097,899,2025-07-13
Android Authority,https://androidauthority.com/news/68656,Asia,443896,94513,2309,2025-08-13
Bloomberg Asia,https://bloombergasia.com/news/87800,Europe,265693,19051,689,2025-08-26
NBC News,https://nbcnews.com/news/77615,Australia,186736,20325,227,2025-07-15
Gizmodo,https://gizmodo.com/news/70556,Global,225793,25783,1253,2025-08-28
CNN,https://cnn.com/news/93606,Global,295363,35036,927,2025-08-28
CBS News,https://cbsnews.com/news/79590,Global,83902,17635,1187,2025-08-26
The Globe and Mail,https://theglobeandmail.com/news/21884,Middle East,54758,10606,630,2025-09-20
Times Now,https://timesnow.com/news/59981,Global,301814,62014,3831,2025-08-05
Associated Press,https://associatedpress.com/news/67857,Europe,423592,72228,5341,2025-09-17
Finanzen.net,https://finanzen.net.com/news/74125,Australia,348467,27886,462,2025-07-17
Associated Press,https://associatedpress.com/news/45983,Canada,477439,40118,2192,2025-09-20
VentureBeat,https://venturebeat.com/news/25295,Global,301212,53050,2531,2025-09-01
The Independent,https://theindependent.com/news/18511,Europe,234287,42994,2161,2025-10-01
Morningstar,https://morningstar.com/news/97054,US,128295,24913,1902,2025-08-11
Nasdaq,https://nasdaq.com/news/28453,Global,387398,52120,2317,2025-09-03
CNET,https://cnet.com/news/28021,US,87480,6129,292,2025-08-27
Bloomberg,https://bloomberg.com/news/32450,Global,52669,9626,366,2025-09-09
TechRadar,https://techradar.com/news/28109,Canada,477706,113843,3914,2025-08-01
Fox Business,https://foxbusiness.com/news/97473,Australia,479469,103720,1692,2025-09-19
CBS News,https://cbsnews.com/news/89586,Global,340426,27604,873,2025-09-19
USA Today,https://usatoday.com/news/64625,Australia,237674,25914,1791,2025-08-04
Associated Press,https://associatedpress.com/news/51194,Canada,279954,20624,1478,2025-09-08
Business Insider,https://businessinsider.com/news/24069,US,10543,848,47,2025-08-06
Bloomberg Asia,https://bloombergasia.com/news/68391,US,194776,32634,1586,2025-10-03
Finanzen.net,https://finanzen.net.com/news/28652,Middle East,143857,20134,654,2025-09-09
Finanzen.net,https://finanzen.net.com/news/12214,Australia,349895,76489,1131,2025-09-20
TechCrunch,https://techcrunch.com/news/57022,Canada,356355,51175,2661,2025-10-04
Engadget,https://engadget.com/news/14610,Global,183351,28510,1523,2025-07-14
Mashable,https://mashable.com/news/50721,US,262357,22240,196,2025-08-18
Newsweek,https://newsweek.com/news/98411,Canada,303944,45316,2282,2025-09-08
Bloomberg,https://bloomberg.com/news/80274,Middle East,339730,52035,3178,2025-08-18
NBC News,https://nbcnews.com/news/67714,Canada,327520,34100,2052,2025-08-30
Nasdaq,https://nasdaq.com/news/53246,Europe,162315,15152,637,2025-08-15
CNET,https://cnet.com/news/77139,Canada,55199,10260,540,2025-08-10
USA Today,https://usatoday.com/news/51537,Middle East,278076,17124,797,2025-09-16
CNN,https://cnn.com/news/12645,Australia,188778,26216,1303,2025-07-11
Bloomberg,https://bloomberg.com/news/81703,US,115881,13711,885,2025-09-02
NBC News,https://nbcnews.com/news/23023,Middle East,304483,27487,1395,2025-07-18
CNBC Europe,https://cnbceurope.com/news/77945,Asia,79854,7447,450,2025-10-04
The Independent,https://theindependent.com/news/74843,Global,360184,60620,2401,2025-07-22
CBS News,https://cbsnews.com/news/88893,Middle East,153283,18175,576,2025-07-31
TechCrunch,https://techcrunch.com/news/36629,Europe,323703,48213,2790,2025-09-28
Entrepreneur,https://entrepreneur.com/news/92772,Global,36618,7726,224,2025-07-18
Bloomberg,https://bloomberg.com/news/51580,Europe,132298,32816,2751,2025-07-16
Reuters,https://reuters.com/news/41528,Europe,393734,96726,7245,2025-08-11
MSN News,https://msnnews.com/news/92355,Canada,345968,84941,2980,2025-09-20
Associated Press,https://associatedpress.com/news/81810,US,445531,60768,1581,2025-07-15
Business Insider,https://businessinsider.com/news/43694,Europe,22467,2324,48,2025-10-01
CNET,https://cnet.com/news/21275,Asia,53745,12553,437,2025-09-06
Business Insider,https://businessinsider.com/news/93613,Middle East,406930,94180,2594,2025-09-04
MSN News,https://msnnews.com/news/70100,Canada,70395,16453,496,2025-09-27
VentureBeat,https://venturebeat.com/news/83727,Asia,48137,2858,47,2025-10-05
ABC News,https://abcnews.com/news/73867,US,466437,34735,1116,2025-08-25
Morningstar,https://morningstar.com/news/22668,Middle East,402704,77750,1300,2025-09-03
Fortune,https://fortune.com/news/13791,Middle East,174343,17455,641,2025-08-18
MSN News,https://msnnews.com/news/51634,Asia,297759,37206,1789,2025-08-12
The Guardian,https://theguardian.com/news/62342,Australia,246491,44538,1150,2025-09-05
Associated Press,https://associatedpress.com/news/18039,Middle East,25877,4433,234,2025-10-01
The Independent,https://theindependent.com/news/69603,Australia,103190,14657,373,2025-07-20
Forbes,https://forbes.com/news/16500,Europe,437869,28273,1046,2025-10-06
Fast Company,https://fastcompany.com/news/21665,Global,87854,7326,386,2025-10-01
iMore,https://imore.com/news/61598,Canada,106286,15389,1114,2025-09-12
Digital Journal,https://digitaljournal.com/news/18415,US,439497,30222,1137,2025-09-13
Benzinga,https://benzinga.com/news/56102,Asia,370325,69546,1946,2025-08-30
Digital Trends,https://digitaltrends.com/news/71926,Middle East,436795,104287,5234,2025-07-29
Entrepreneur,https://entrepreneur.com/news/97708,US,348330,48425,1943,2025-08-12
Washington Post,https://washingtonpost.com/news/19382,Canada,423760,24783,348,2025-09-22
Fox Business,https://foxbusiness.com/news/48260,Middle East,383127,87641,5450,2025-08-08
TomsHardware,https://tomshardware.com/news/96725,US,70097,16878,224,2025-09-19
Gizmodo,https://gizmodo.com/news/50683,Europe,220709,26667,1201,2025-09-14
BBC News,https://bbcnews.com/news/30057,Asia,161624,24414,1627,2025-09-08
CBS News,https://cbsnews.com/news/86443,Middle East,24213,1602,46,2025-09-24
Newsweek,https://newsweek.com/news/64745,US,417758,104335,3445,2025-08-11
Finanzen.net,https://finanzen.net.com/news/53406,Asia,329616,52549,2731,2025-09-24
Reuters,https://reuters.com/news/71420,Middle East,204218,30027,972,2025-07-11
iMore,https://imore.com/news/91840,Europe,291349,64230,3943,2025-07-27
PCMag,https://pcmag.com/news/28401,Asia,347326,61701,3306,2025-07-23
Business Standard,https://businessstandard.com/news/24937,Middle East,228611,32694,416,2025-08-15
VentureBeat,https://venturebeat.com/news/58085,Europe,447387,35571,2868,2025-10-02
Fortune,https://fortune.com/news/95476,Canada,366142,44768,3580,2025-09-11
Yahoo Finance,https://yahoofinance.com/news/75098,Australia,55993,3759,206,2025-07-23
VentureBeat,https://venturebeat.com/news/80803,US,467143,45755,800,2025-08-17
CNBC Europe,https://cnbceurope.com/news/62927,US,358325,58268,3033,2025-09-17
Business Standard,https://businessstandard.com/news/17555,Asia,218990,35510,2712,2025-09-15
VentureBeat,https://venturebeat.com/news/36891,Global,125645,11389,773,2025-08-05
New York Times,https://newyorktimes.com/news/82248,Europe,151000,21962,1116,2025-09-23
Reuters,https://reuters.com/news/78170,Europe,181869,33487,1395,2025-07-23
Hindustan Times,https://hindustantimes.com/news/72417,Canada,310867,39693,638,2025-08-17
ABC News,https://abcnews.com/news/74281,Global,115555,21420,342,2025-09-21
The Independent,https://theindependent.com/news/56814,US,294452,69627,3818,2025-08-25
BBC News,https://bbcnews.com/news/14923,Global,56705,9130,336,2025-07-31
Yahoo Finance,https://yahoofinance.com/news/66298,Asia,29224,2484,137,2025-10-05
Yahoo Finance,https://yahoofinance.com/news/33345,Australia,237229,13025,363,2025-09-29
Digital Trends,https://digitaltrends.com/news/32445,Canada,165565,30455,248,2025-09-03
Digital Trends,https://digitaltrends.com/news/39718,US,22373,1690,34,2025-09-19
Bloomberg Asia,https://bloombergasia.com/news/85337,Global,85258,21270,1149,2025-09-13
The Guardian,https://theguardian.com/news/34424,Europe,403788,54059,1879,2025-08-07
Associated Press,https://associatedpress.com/news/81841,Asia,250886,58112,3377,2025-08-19
Seeking Alpha,https://seekingalpha.com/news/31807,Middle East,390324,42850,1178,2025-07-18
iMore,https://imore.com/news/12278,US,292400,51936,3287,2025-09-06
MSN News,https://msnnews.com/news/57357,US,261281,20213,828,2025-07-12
Business Standard,https://businessstandard.com/news/69450,Asia,200784,29533,2142,2025-09-22
TechRadar,https://techradar.com/news/83953,Canada,135592,30506,2026,2025-09-21
Mashable,https://mashable.com/news/57335,Asia,456534,104420,5168,2025-09-18
CNN,https://cnn.com/news/10836,Australia,381391,45693,739,2025-09-21
Gizmodo,https://gizmodo.com/news/43676,Canada,231943,50901,2569,2025-07-28
TomsHardware,https://tomshardware.com/news/29327,Global,126412,18314,1543,2025-08-10
Benzinga,https://benzinga.com/news/73559,US,125003,8424,709,2025-08-05
Bloomberg,https://bloomberg.com/news/93798,Asia,318112,28847,1769,2025-08-10
Inc.,https://inc..com/news/33460,US,85360,6290,192,2025-08-15
Inc.,https://inc..com/news/56126,Europe,434051,78492,551,2025-09-29
Times Now,https://timesnow.com/news/71879,Middle East,217796,54286,1418,2025-08-12
Bloomberg Asia,https://bloombergasia.com/news/76164,Europe,151631,33976,1280,2025-07-23
Nasdaq,https://nasdaq.com/news/61164,Canada,381517,51981,1133,2025-08-03
Inc.,https://inc..com/news/30128,US,373753,62255,3818,2025-08-29
The Independent,https://theindependent.com/news/64108,Europe,132840,27301,705,2025-08-17
Fast Company,https://fastcompany.com/news/63096,Australia,126016,13594,457,2025-09-18
Benzinga,https://benzinga.com/news/56474,Europe,30017,5439,386,2025-09-07
Fox Business,https://foxbusiness.com/news/30843,Europe,9470,1099,45,2025-09-26
Nasdaq,https://nasdaq.com/news/90774,Global,333697,18420,753,2025-09-17
Gizmodo,https://gizmodo.com/news/14301,Global,76083,6012,52,2025-09-03
VentureBeat,https://venturebeat.com/news/88759,Global,496001,120917,1603,2025-10-06
Digital Journal,https://digitaljournal.com/news/48493,Middle East,336739,41255,2107,2025-08-03
ZDNet,https://zdnet.com/news/52869,Australia,143850,34071,2062,2025-09-17
USA Today,https://usatoday.com/news/80914,Australia,35266,3799,220,2025-07-25
Mashable,https://mashable.com/news/98788,Global,203183,30997,425,2025-08-30
Fast Company,https://fastcompany.com/news/61591,Australia,431729,77211,4008,2025-09-18
CNET,https://cnet.com/news/30944,Canada,322100,60408,3171,2025-08-02
CNBC Europe,https://cnbceurope.com/news/49968,US,219040,14800,1182,2025-08-05
Associated Press,https://associatedpress.com/news/98133,Australia,318992,26462,1626,2025-08-15
TechCrunch,https://techcrunch.com/news/88920,US,34346,5449,180,2025-08-21
ZDNet,https://zdnet.com/news/72965,Global,440836,82452,2688,2025-07-11
Associated Press,https://associatedpress.com/news/30424,Middle East,453855,60167,3728,2025-08-07
USA Today,https://usatoday.com/news/78312,US,26266,1426,53,2025-07-26
CNN,https://cnn.com/news/91770,Europe,197843,30423,1032,2025-09-08
Inc.,https://inc..com/news/43357,US,498173,120216,5148,2025-07-24
USA Today,https://usatoday.com/news/79785,Global,115314,14375,414,2025-07-21
TomsHardware,https://tomshardware.com/news/34691,Global,169640,34088,823,2025-08-05
Fast Company,https://fastcompany.com/news/89538,Asia,233895,52889,3484,2025-09-06
Inc.,https://inc..com/news/10509,Asia,120057,16889,1054,2025-08-28
Times Now,https://timesnow.com/news/40822,Canada,298163,62119,1781,2025-08-13
Finanzen.net,https://finanzen.net.com/news/35283,Asia,258876,61475,3198,2025-07-13
Finanzen.net,https://finanzen.net.com/news/77848,Global,466461,78752,1157,2025-10-08
The Verge,https://theverge.com/news/15139,Asia,483179,51438,749,2025-10-05
NBC News,https://nbcnews.com/news/22068,Canada,247961,32742,1097,2025-09-07
Bloomberg Asia,https://bloombergasia.com/news/56479,Australia,444594,88497,4806,2025-08-30
Bloomberg,https://bloomberg.com/news/18265,Asia,52596,7049,423,2025-08-17
BBC News,https://bbcnews.com/news/32157,Global,136537,8843,160,2025-08-22
Bloomberg Asia,https://bloombergasia.com/news/70156,US,326842,50245,3277,2025-08-05
Reuters,https://reuters.com/news/78676,Australia,299690,28304,1067,2025-10-05
MarketWatch,https://marketwatch.com/news/29359,Asia,64169,13474,100,2025-07-14
Engadget,https://engadget.com/news/20462,US,361236,43675,2676,2025-10-03
Mashable,https://mashable.com/news/70609,Global,116133,8225,112,2025-10-07
ABC News,https://abcnews.com/news/29997,US,33640,4169,276,2025-07-25
MarketWatch,https://marketwatch.com/news/65413,Europe,304182,65032,1780,2025-08-20
MarketWatch,https://marketwatch.com/news/21281,Canada,370967,78736,2102,2025-08-24
Fortune,https://fortune.com/news/77723,Global,211539,37449,2734,2025-08-07
Mashable,https://mashable.com/news/24448,Australia,181050,18513,907,2025-10-04
Digital Journal,https://digitaljournal.com/news/43683,Canada,269148,42517,2693,2025-08-25
Finanzen.net,https://finanzen.net.com/news/14015,Europe,122868,20466,501,2025-07-16
Business Insider,https://businessinsider.com/news/13431,Middle East,388862,92580,6435,2025-07-17
New York Times,https://newyorktimes.com/news/87664,Global,160217,36242,857,2025-08-15
Engadget,https://engadget.com/news/60487,Middle East,190595,14107,677,2025-07-10
PCMag,https://pcmag.com/news/95081,Canada,76123,11798,105,2025-07-27
Seeking Alpha,https://seekingalpha.com/news/54807,Middle East,176556,19559,791,2025-08-10
Associated Press,https://associatedpress.com/news/85522,US,108122,17136,243,2025-07-30
Business Insider,https://businessinsider.com/news/69601,Europe,229363,34012,1300,2025-07-25
Gizmodo,https://gizmodo.com/news/84585,Canada,276721,46442,381,2025-08-01
CNBC Europe,https://cnbceurope.com/news/44846,Middle East,114031,17106,771,2025-09-19
MarketWatch,https://marketwatch.com/news/46570,Europe,493288,60133,1392,2025-09-19
ZDNet,https://zdnet.com/news/32433,Europe,202133,33325,1802,2025-08-11